[
  {
    "name": "The Art of Laziness",
    "url": "/download?page=39",
    "size": "1 MB",
    "type": "PDF Book",
    "icon": "📚"
  },
  {
    "name": "A minecraft movie (Full)",
    "url": "/download?page=38",
    "size": "2 GB",
    "type": "Movie",
    "icon": "🎬"
  },
  {
    "name": "Avengers:Age of ultron (Full)",
    "url": "/download?page=37",
    "size": "1.8 GB",
    "type": "Movie",
    "icon": "🎬"
  },
  {
    "name": "Avengers:Infity war (Full)",
    "url": "/download?page=36",
    "size": "1.8 GB",
    "type": "Movie",
    "icon": "🎬"
  },
  {
    "name": "Avengers:Endgame (Full)",
    "url": "/download?page=35",
    "link": "https://mega.co.nz/#!2fgC1YrQ!HNdxXxFEUwqLXdVvE5uJK2WhvENYbGaUou00uS9F5Oo",
    "size": "1.7 GB",
    "type": "Movie",
    "icon": "🎬"
  },
  {
    "name": "FLOW Movie (Full)",
    "url": "/download?page=34",
    "link": "https://mega.co.nz/#!nbJGzBKK!e4-MGG3zP23IUJpjhV9RLlQJoJhxfp5eoWGSVYonO7I",
    "size": "2.2 GB",
    "type": "Movie",
    "icon": "🎬"
  },
  {
    "name": "MEGAsync (bundled for Arch Linux)(I use Arch btw)",
    "url": "/download?page=33",
    "link": "https://mega.nz/file/gM5nxLiD#UmCkkoVyYMQHS9fzrCRRoqoO6uskXfwsLP6wSvDY8B4",
    "size": "58 MB",
    "type": "ZIP Archive",
    "icon": "📦"
  },
  {
    "name": "The Laws of Human Nature PDF: Mastering Human Behavior",
    "url": "/download?page=32",
    "link": "https://mega.nz/file/xJwTzAZD#QP259EJXrm5nwDKkBxCG9vbtnBtHQZkmYSZ81p6wUQc",
    "size": "2.4 MB",
    "type": "PDF Book",
    "icon": "📚"
  },
  {
    "name": "Percy Jackson PDF: A Modern Mythology Masterpiece",
    "url": "/download?page=31",
    "link": "https://mega.nz/file/JVBQkJDC#nHMxpvJr0F1w8FPy7d9OG7Z9yuq5z820sw_YZvHCt-s",
    "size": "2.9 MB",
    "type": "PDF Book",
    "icon": "📚"
  },
  {
    "name": "Waiting for Godot PDF: A Tragicomedy in Two Acts (Beckett, Samuel)",
    "url": "/download?page=30",
    "link": "https://mega.nz/file/RQgSxCJB#tST-PiZ6L36oolZtrclpFu-Nsy3G1nkJ1SkHeVk0VV8",
    "size": "1.3 MB",
    "type": "PDF Book",
    "icon": "📚"
  },
  {
    "name": "48 Laws of Power PDF by Robert Greene",
    "url": "/download?page=29",
    "link": "https://mega.nz/file/UNIAmTYR#aKzkckf0x7i7xMq_MVFyFGFeBMKEWz_FePW9-S_trfA",
    "size": "30 MB",
    "type": "PDF Book",
    "icon": "📚"
  },
  {
    "name": "Dragonlance Shadow of the Dragon Queen PDF",
    "url": "/download?page=28",
    "link": "https://mega.nz/file/9Bp0EbhS#PuIfr4C5k1V2JC-53fAgVJ-LbNxs_zB8n60spIyOsls",
    "size": "21 MB",
    "type": "PDF Book",
    "icon": "📚"
  },
  {
    "name": "Can’t Hurt Me PDF: Master Your Mind and Defy the Odds",
    "url": "/download?page=27",
    "link": "https://mega.nz/file/cEQSFYwK#M2wlnwTNK5b5i7rY6ZreXCizFZwSIwR8NGDZQqvkp7A",
    "size": "1.4 MB",
    "type": "PDF Book",
    "icon": "📚"
  },
  {
    "name": "Cuphead (full + repack)",
    "url": "/download?page=26",
    "link": "https://mega.nz/file/GQFQgQxa#JakeflmZOqNGTENpwpKT2DBOWxO1azc6dqA2xf3W3Vs",
    "size": "6.29 GB",
    "type": "windows Game",
    "icon": "🕹️"
  },
  {
    "name": "Stardew Valley (full + repack + high compress)",
    "url": "/download?page=25",
    "link": "https://mega.nz/file/ZMo30AQA#jJ3U--3OaPyt1QoEJ_w88ogbSeI1qenmGZ-sC9SVbKc",
    "size": "372 MB",
    "type": "windows Game",
    "icon": "🕹️"
  },
  {
    "name": "Katana ZERO (full + repack + high compress)",
    "url": "/download?page=24",
    "link": "https://mega.nz/file/tcwkQCYI#yjS0Rw1t7n8wEi9Sn7ZehxIHS3zonB55I2-iPt1MTl8",
    "size": "184 MB",
    "type": "windows Game",
    "icon": "🕹️"
  },
  {
    "name": "Undertale (full + repack + high compress)",
    "url": "/download?page=23",
    "link": "https://mega.nz/file/8AwmDJab#u3tRIXeHRZF1Kt5b_4XLs4AQw1_wV2Xpu_4ow7OVb64",
    "size": "494 MB",
    "type": "windows Game",
    "icon": "🕹️"
  },
  {
    "name": "GTA San Andreas (full + repack + high compress)",
    "url": "/download?page=22",
    "link": "https://mega.nz/file/dU4hnYjZ#LrzCT9TI4w5aCIyVbnecTyI9H5Q0I2mMJRwGE8irqfo",
    "size": "609 MB",
    "type": "windows Game",
    "icon": "🕹️"
  },
  {
    "name": "Height Maxxing Guide PDF",
    "url": "/download?page=21",
    "link": "https://mega.nz/file/FcpgVD7L#TKEBlSaCLkFaV4xXnt9-kAuFXb2xmkdB49RyD3L9mcg",
    "size": "2 MB",
    "type": "PDF Book",
    "icon": "📚"
  },
  {
    "name": "Perfect EQ (EasyEffects Preset)",
    "url": "/download?page=20",
    "link": "https://mega.nz/file/lUQVQIKB#OwGQNBZd_Fk3kSwQ_ohwKDuyxJuKPDl0HsGhZlWxHMw",
    "size": "7 KB",
    "type": "JSON Preset",
    "icon": "🎚️"
  },
  {
    "name": "Dolby Style (EasyEffects Preset)",
    "url": "/download?page=19",
    "link": "https://mega.nz/file/wU51WYbJ#k3q97oVcyQwkdY7PvqOm4ogVOUyyixxyoL_Xy5WHoBg",
    "size": "2 KB",
    "type": "JSON Preset",
    "icon": "🎛️"
  },
  {
    "name": "Bass Boost (EasyEffects Preset)",
    "url": "/download?page=18",
    "link": "https://mega.nz/file/hRgyVKKT#xeM-0BjgLMpPphE5-MaC4RNtNLYJ8qqQCpZmaH7KLSo",
    "size": "7 KB",
    "type": "JSON Preset",
    "icon": "🔊"
  },
  {
    "name": "Zero to One",
    "url": "/download?page=17",
    "link": "https://mega.nz/file/ZcQyWbDS#_XT7NjWY7yiuoZmIaIYYx8yRZMJa2dpD402g8Bnp2-I",
    "size": "2.5 MB",
    "type": "PDF Book",
    "icon": "📚"
  },
  {
    "name": "Steal Like an Artist",
    "url": "/download?page=16",
    "link": "https://mega.nz/file/FNwGHJKZ#r9X1RkfbaDfH7pXLZWU0pIM5GlPHBNrarNuRS5cVzgk",
    "size": "3.5 MB",
    "type": "PDF Book",
    "icon": "📚"
  },
  {
    "name": "Psychology of Money",
    "url": "/download?page=15",
    "link": "https://mega.nz/file/wUAEADiA#E1ck3uOKM-qfZw0Lr-hRTfxlFnEFyu-ykbg_VLLzock",
    "size": "2 MB",
    "type": "PDF Book",
    "icon": "📚"
  },
  {
    "name": "Arch Linux Guidebook / handbook",
    "url": "/download?page=14",
    "link": "https://mega.nz/file/pRRliBgS#SxL7ngN7zKeM8V793OKe7ceKMJ_YbF5u5LG3AAv3D-k",
    "size": "0.6 MB",
    "type": "PDF Book",
    "icon": "🐧"
  },
  {
    "name": "Linux Guidebook / handbook",
    "url": "/download?page=13",
    "link": "https://mega.nz/file/8RZXhTBC#IVh9K9wtZuow6c8dw9JGGkPJOclW06wA90B-7StIRRA",
    "size": "3 MB",
    "type": "PDF Book",
    "icon": "🐧"
  },
  {
    "name": "TLaucher (Bundled + Ready to use)(For Linux 64 bit)",
    "url": "/download?page=12",
    "link": "https://mega.nz/file/tNIyzSzY#d2-3jGLpiyCTB0D1EWJnR00givowd1s0jWJtkXsAZpM",
    "size": "194 MB",
    "type": "ZIP Archive",
    "icon": "📦"
  },
  {
    "name": "The Art of Invisibility - The World's Most Famous Hacker Teaches You How to Be Safe in the Age of Big Brother and Big Data by Kevin Mitnick",
    "url": "/download?page=11",
    "link": "https://mega.nz/file/gBxgmZ4Y#_fEaXReV1ApJr8Fxwsepe1wUEvWBJCw4UAcuEUNWT_M",
    "size": "2 MB",
    "type": "PDF Book",
    "icon": "📚"
  },
  {
    "name": "metasploit_a penetration testers guide.pdf",
    "url": "/download?page=10",
    "link": "https://mega.nz/file/dUg2VagZ#xL7XS8FnmYnWwsapOvR256U6LEibDQxW8NRwdisdU5I",
    "size": "6 MB",
    "type": "PDF Book",
    "icon": "📚"
  },
  {
    "name": "Black Hat Python - Python Programming for Hackers and Pentesters by Justin Seitz.pdf",
    "url": "/download?page=9",
    "link": "https://mega.nz/file/gVw10IyQ#TKbEGEmR0DsxlxLGMDj9lbZKN5dG9_hZe-WC0mGRU0U",
    "size": "2 MB",
    "type": "PDF Book",
    "icon": "📚"
  },
  {
    "name": "Hacking The Art Of Exploitation.pdf",
    "url": "/download?page=8",
    "link": "https://mega.nz/file/UIxyzI4a#5SwBDWl2j9JwYcNNpabRUSf9tZshUsOhZxxXIjR4_vc",
    "size": "4 MB",
    "type": "PDF Book",
    "icon": "📚"
  },
  {
    "name": "HappyMod-3-1-5.apk",
    "url": "/download?page=7",
    "link": "https://mega.nz/file/tU5CXbyQ#HbecF18H-kszMtPz8CqXBc8t6QVCgyLvk1qSWOxeE44",
    "size": "19 MB",
    "type": "Mod APK",
    "icon": "📦"
  },
  {
    "name": "minecraft-1-21-80-28.apk",
    "url": "/download?page=6",
    "link": "https://mega.nz/file/gN5GzbiQ#UDq5OZwLFmCLsdTywcJxaNlvb-I-vqtuNAqoVLFPPSY",
    "size": "266 MB",
    "type": "Game APK",
    "icon": "🕹️"
  },
  {
    "name": "minecraft-1-21-72.apk",
    "url": "/download?page=5",
    "link": "https://mega.nz/file/kRhhCJQY#eRy6BO8rT4JkAIqiJL66MIc5ecA0i6KkXr_CEZnheu0",
    "size": "254 MB",
    "type": "Game APK",
    "icon": "🕹️"
  },
  {
    "name": "Block Blast! Mod Apk v6.8.7 (Unlimited Money)",
    "url": "/download?page=4", 
    "link": "https://mega.nz/file/NMwDVBKQ#UEerI1rYtrkBTnIsRHyajIcw-Rh8yFV3LJLrh3A_rdI",
    "size": "204 MB",
    "type": "Mod Game",
    "icon": "🎮"
  },
  {
    "name": "Guide to Computer Forensics and Investigations 5th Edition eBook",
    "url": "/download?page=3", 
    "link": "https://mega.nz/file/hdJTCL4L#CorKjy7D-OsBUowEyJc615BkCvBOQzh_EDG9F364QLo",
    "size": "8 MB",
    "type": "PDF Book",
    "icon": "📚"
  },
  {
    "name": "Visual Studio Code Installer",
    "url": "/download?page=2", 
    "link": "https://mega.nz/file/VNJFBALJ#tX6y1k35x7XMLPEjsOEKQGNsawv-O5wB0vhF22F20Zw",
    "size": "103 MB",
    "type": "EXE Installer",
    "icon": "🖥️"
  },
  {
    "name": "7-Zip Portable",
    "link": "https://mega.nz/file/ZNBhwChS#xwsigc63qS7FfUnhsRIOu05i3JsKh300VrvZmL5hyBc",
    "url": "/download?page=1",   
    "size": "2 MB",
    "type": "EXE Installer",
    "icon": "📦"
  },
  {
    "name": "THE END",
    "url": "/end",
    "size": "END",
    "type": "You reach end of page",
    "icon": "🚧"
  }
]
